{"features": ["MedInc", "AveBedrms", "Population", "AveRooms", "HouseAge", "AveOccup"], "values_orders": "{\"MedInc\": {\"order\": [2.5685, 3.3229, 4.4611, 6.1551, \"numpy.inf\"], \"content\": {\"2.5685\": [1.6021, 1.9052, 2.1509, 2.355, 2.5685], \"3.3229\": [2.7367, 2.975, 3.1435, 3.3229], \"4.4611\": [3.5387, 3.7292, 3.9741, 4.1793, 4.4611], \"6.1551\": [4.7566, 5.1163, 5.5446, 6.1551], \"numpy.inf\": [7.316, \"numpy.inf\"]}}, \"AveBedrms\": {\"order\": [1.0576131687242798, 1.1002785515320335, 1.1382488479262673, 1.273170731707317, \"numpy.inf\"], \"content\": {\"1.0576131687242798\": [0.94, 0.9672413793103448, 0.9831932773109243, 0.9957627118644068, 1.0066225165562914, 1.0153846153846153, 1.0247191011235954, 1.033096926713948, 1.0412186379928314, 1.0495356037151702, 1.0576131687242798], \"1.1002785515320335\": [1.0665280665280665, 1.0767857142857142, 1.087769784172662, 1.1002785515320335], \"1.1382488479262673\": [1.1161137440758293, 1.1382488479262673], \"1.273170731707317\": [1.1738382099827882, 1.273170731707317], \"numpy.inf\": [\"numpy.inf\"]}}, \"Population\": {\"order\": [353.0, 793.0, 864.0, 2152.0, \"numpy.inf\"], \"content\": {\"353.0\": [353.0], \"793.0\": [514.0, 627.0, 715.0, 793.0], \"864.0\": [864.0], \"2152.0\": [938.0, 1015.0, 1091.0, 1170.0, 1264.0, 1354.0, 1464.0, 1583.0, 1729.0, 1908.0, 2152.0], \"numpy.inf\": [2563.0, 3297.0, \"numpy.inf\"]}}, \"AveRooms\": {\"order\": [5.53125, 5.860279441117765, 6.27327935222672, 6.541910331384016, \"numpy.inf\"], \"content\": {\"5.53125\": [3.44080604534005, 3.7943396226415094, 4.055045871559633, 4.278728606356968, 4.45945945945946, 4.621333333333333, 4.790836653386454, 4.939153439153439, 5.087403598971722, 5.232388663967611, 5.3825665859564165, 5.53125], \"5.860279441117765\": [5.693581780538302, 5.860279441117765], \"6.27327935222672\": [6.058479532163743, 6.27327935222672], \"6.541910331384016\": [6.541910331384016], \"numpy.inf\": [6.949090909090909, 7.651761517615176, \"numpy.inf\"]}}, \"HouseAge\": {\"order\": [22.0, 26.0, 33.0, 45.0, \"numpy.inf\"], \"content\": {\"22.0\": [8.0, 12.0, 15.0, 16.0, 18.0, 20.0, 22.0], \"26.0\": [25.0, 26.0], \"33.0\": [28.0, 31.0, 33.0], \"45.0\": [34.0, 35.0, 37.0, 39.0, 42.0, 45.0], \"numpy.inf\": [52.0, \"numpy.inf\"]}}, \"AveOccup\": {\"order\": [2.0669291338582676, 2.8983833718244805, 3.425389755011136, 3.87667161961367, \"numpy.inf\"], \"content\": {\"2.0669291338582676\": [1.87012987012987, 2.0669291338582676], \"2.8983833718244805\": [2.2245053272450535, 2.3384615384615386, 2.4320524835988753, 2.512690355329949, 2.5951742627345844, 2.6676557863501484, 2.743119266055046, 2.819642857142857, 2.8983833718244805], \"3.425389755011136\": [2.984126984126984, 3.073170731707317, 3.1714285714285713, 3.282051282051282, 3.425389755011136], \"3.87667161961367\": [3.6065830721003134, 3.87667161961367], \"numpy.inf\": [4.324894514767933, \"numpy.inf\"]}}}", "features_casting": {"MedInc": ["MedInc"], "AveBedrms": ["AveBedrms"], "Population": ["Population"], "AveRooms": ["AveRooms"], "HouseAge": ["HouseAge"], "AveOccup": ["AveOccup"]}, "input_dtypes": {"MedInc": "float", "HouseAge": "float", "AveRooms": "float", "AveBedrms": "float", "Population": "float", "AveOccup": "float"}, "output_dtype": "float", "str_nan": "__NAN__", "str_default": "__OTHER__", "dropna": false, "features_dropna": {"MedInc": false, "AveBedrms": false, "Population": false, "AveRooms": false, "HouseAge": false, "AveOccup": false}, "copy": true}